<?xml version = '1.0' encoding = 'UTF-8'?>
<FKIndexAssociation class="oracle.dbtools.crest.model.design.relational.FKIndexAssociation" directorySegmentName="seg_0" id="17A18AFE-3F72-C8A2-F6BD-19A8E374575A" containerWithKeyObject="70199BC2-6D90-4BBB-2AFF-808831B10424" localFKIndex="B56542BC-A114-211C-D0C1-3A60822A765C" name="Show_Company_FK">
<createdBy>jules</createdBy>
<createdTime>2022-10-15 14:30:19 UTC</createdTime>
<ownerDesignName>schema</ownerDesignName>
<referredTableLongName>Company</referredTableLongName>
<deleteRule>NO ACTION</deleteRule>
<referredTableID>43A53517-91F8-8410-9018-62D01932E135</referredTableID>
<keyObject>63E804AE-05C5-CB5F-7765-72A58C5BD2A0</keyObject>
<referredKeyID>63E804AE-05C5-CB5F-7765-72A58C5BD2A0</referredKeyID>
<mandatory>true</mandatory>
<refColNames>id_company</refColNames>
<transferable>true</transferable>
<rely>false</rely>
<columnDependencyConstraintGenerateInDDL>true</columnDependencyConstraintGenerateInDDL>
</FKIndexAssociation>